{
  "get_method" : {
    "transaction" : "get_method",
    "sampleCount" : 50,
    "errorCount" : 0,
    "errorPct" : 0.0,
    "meanResTime" : 131.82,
    "medianResTime" : 71.0,
    "minResTime" : 66.0,
    "maxResTime" : 1078.0,
    "pct1ResTime" : 77.8,
    "pct2ResTime" : 1075.45,
    "pct3ResTime" : 1078.0,
    "throughput" : 14.29388221841052,
    "receivedKBytesPerSec" : 2.582390830474557,
    "sentKBytesPerSec" : 2.051953795025729
  },
  "user_info_2" : {
    "transaction" : "user_info_2",
    "sampleCount" : 50,
    "errorCount" : 0,
    "errorPct" : 0.0,
    "meanResTime" : 151.58,
    "medianResTime" : 71.0,
    "minResTime" : 66.0,
    "maxResTime" : 3079.0,
    "pct1ResTime" : 76.0,
    "pct2ResTime" : 536.6499999999958,
    "pct3ResTime" : 3079.0,
    "throughput" : 10.341261633919338,
    "receivedKBytesPerSec" : 4.796971949327818,
    "sentKBytesPerSec" : 2.4944254136504656
  },
  "user_info_3" : {
    "transaction" : "user_info_3",
    "sampleCount" : 50,
    "errorCount" : 0,
    "errorPct" : 0.0,
    "meanResTime" : 274.17999999999995,
    "medianResTime" : 74.0,
    "minResTime" : 67.0,
    "maxResTime" : 3089.0,
    "pct1ResTime" : 1078.9,
    "pct2ResTime" : 1086.0,
    "pct3ResTime" : 3089.0,
    "throughput" : 6.006006006006006,
    "receivedKBytesPerSec" : 2.234656531531532,
    "sentKBytesPerSec" : 1.4311186186186187
  },
  "object_info_4" : {
    "transaction" : "object_info_4",
    "sampleCount" : 50,
    "errorCount" : 0,
    "errorPct" : 0.0,
    "meanResTime" : 373.64,
    "medianResTime" : 72.0,
    "minResTime" : 66.0,
    "maxResTime" : 7108.0,
    "pct1ResTime" : 1081.4,
    "pct2ResTime" : 1984.6999999999914,
    "pct3ResTime" : 7108.0,
    "throughput" : 1.9265595499556891,
    "receivedKBytesPerSec" : 0.4778770758679151,
    "sentKBytesPerSec" : 0.3104319587330944
  },
  "object_info_3" : {
    "transaction" : "object_info_3",
    "sampleCount" : 50,
    "errorCount" : 0,
    "errorPct" : 0.0,
    "meanResTime" : 254.24000000000004,
    "medianResTime" : 73.5,
    "minResTime" : 66.0,
    "maxResTime" : 3095.0,
    "pct1ResTime" : 1079.9,
    "pct2ResTime" : 1087.95,
    "pct3ResTime" : 3095.0,
    "throughput" : 1.934984520123839,
    "receivedKBytesPerSec" : 1.0166227263931888,
    "sentKBytesPerSec" : 0.3174583978328173
  },
  "object_info_2" : {
    "transaction" : "object_info_2",
    "sampleCount" : 50,
    "errorCount" : 0,
    "errorPct" : 0.0,
    "meanResTime" : 313.41999999999996,
    "medianResTime" : 71.0,
    "minResTime" : 66.0,
    "maxResTime" : 3084.0,
    "pct1ResTime" : 1086.7,
    "pct2ResTime" : 1090.1499999999999,
    "pct3ResTime" : 3084.0,
    "throughput" : 1.9693568080664854,
    "receivedKBytesPerSec" : 0.9346752038284296,
    "sentKBytesPerSec" : 0.31348160128402064
  },
  "Total" : {
    "transaction" : "Total",
    "sampleCount" : 350,
    "errorCount" : 1,
    "errorPct" : 0.2857143,
    "meanResTime" : 304.47142857142865,
    "medianResTime" : 72.0,
    "minResTime" : 66.0,
    "maxResTime" : 21062.0,
    "pct1ResTime" : 1076.9,
    "pct2ResTime" : 1085.0,
    "pct3ResTime" : 3095.49,
    "throughput" : 11.265248318259358,
    "receivedKBytesPerSec" : 4.106817939505617,
    "sentKBytesPerSec" : 2.0317051361485725
  },
  "object_info_1" : {
    "transaction" : "object_info_1",
    "sampleCount" : 50,
    "errorCount" : 1,
    "errorPct" : 2.0,
    "meanResTime" : 632.42,
    "medianResTime" : 71.5,
    "minResTime" : 67.0,
    "maxResTime" : 21062.0,
    "pct1ResTime" : 1081.2,
    "pct2ResTime" : 1991.5999999999915,
    "pct3ResTime" : 21062.0,
    "throughput" : 2.031694433157253,
    "receivedKBytesPerSec" : 0.5835962896180414,
    "sentKBytesPerSec" : 0.3149920002031695
  }
}