{
  "get_method" : {
    "transaction" : "get_method",
    "sampleCount" : 250,
    "errorCount" : 0,
    "errorPct" : 0.0,
    "meanResTime" : 189.8,
    "medianResTime" : 71.0,
    "minResTime" : 65.0,
    "maxResTime" : 3082.0,
    "pct1ResTime" : 115.0,
    "pct2ResTime" : 1078.45,
    "pct3ResTime" : 3073.92,
    "throughput" : 47.82858236081883,
    "receivedKBytesPerSec" : 8.64090599292137,
    "sentKBytesPerSec" : 6.866017194375359
  },
  "user_info_2" : {
    "transaction" : "user_info_2",
    "sampleCount" : 250,
    "errorCount" : 0,
    "errorPct" : 0.0,
    "meanResTime" : 312.70399999999995,
    "medianResTime" : 71.0,
    "minResTime" : 65.0,
    "maxResTime" : 7101.0,
    "pct1ResTime" : 1077.0,
    "pct2ResTime" : 1084.45,
    "pct3ResTime" : 5054.470000000037,
    "throughput" : 27.864467231386534,
    "receivedKBytesPerSec" : 12.925412045809185,
    "sentKBytesPerSec" : 6.721214263820776
  },
  "user_info_3" : {
    "transaction" : "user_info_3",
    "sampleCount" : 250,
    "errorCount" : 0,
    "errorPct" : 0.0,
    "meanResTime" : 599.02,
    "medianResTime" : 73.0,
    "minResTime" : 64.0,
    "maxResTime" : 15105.0,
    "pct1ResTime" : 1087.0,
    "pct2ResTime" : 3084.9,
    "pct3ResTime" : 11018.550000000072,
    "throughput" : 13.558954333441806,
    "receivedKBytesPerSec" : 5.044884376016922,
    "sentKBytesPerSec" : 3.2308445872654303
  },
  "object_info_4" : {
    "transaction" : "object_info_4",
    "sampleCount" : 250,
    "errorCount" : 0,
    "errorPct" : 0.0,
    "meanResTime" : 605.3359999999998,
    "medianResTime" : 72.0,
    "minResTime" : 64.0,
    "maxResTime" : 7110.0,
    "pct1ResTime" : 1087.0,
    "pct2ResTime" : 3083.8,
    "pct3ResTime" : 7097.27,
    "throughput" : 9.815854568298716,
    "receivedKBytesPerSec" : 2.4347920511209704,
    "sentKBytesPerSec" : 1.5816562536809453
  },
  "object_info_3" : {
    "transaction" : "object_info_3",
    "sampleCount" : 250,
    "errorCount" : 1,
    "errorPct" : 0.4,
    "meanResTime" : 754.2959999999998,
    "medianResTime" : 73.0,
    "minResTime" : 65.0,
    "maxResTime" : 21036.0,
    "pct1ResTime" : 2881.0000000000114,
    "pct2ResTime" : 3087.9,
    "pct3ResTime" : 11024.920000000073,
    "throughput" : 9.804306051217695,
    "receivedKBytesPerSec" : 5.230214297619515,
    "sentKBytesPerSec" : 1.6020848856817915
  },
  "object_info_2" : {
    "transaction" : "object_info_2",
    "sampleCount" : 250,
    "errorCount" : 0,
    "errorPct" : 0.0,
    "meanResTime" : 601.024,
    "medianResTime" : 72.0,
    "minResTime" : 65.0,
    "maxResTime" : 7105.0,
    "pct1ResTime" : 1086.7,
    "pct2ResTime" : 3089.45,
    "pct3ResTime" : 7091.0,
    "throughput" : 9.915126517014356,
    "receivedKBytesPerSec" : 4.705811999286111,
    "sentKBytesPerSec" : 1.5782867405013088
  },
  "Total" : {
    "transaction" : "Total",
    "sampleCount" : 1750,
    "errorCount" : 1,
    "errorPct" : 0.057142857,
    "meanResTime" : 517.6845714285713,
    "medianResTime" : 72.0,
    "minResTime" : 64.0,
    "maxResTime" : 21036.0,
    "pct1ResTime" : 1084.0,
    "pct2ResTime" : 3082.0,
    "pct3ResTime" : 7087.0,
    "throughput" : 59.11962433701564,
    "receivedKBytesPerSec" : 21.231796962095874,
    "sentKBytesPerSec" : 10.683496756866322
  },
  "object_info_1" : {
    "transaction" : "object_info_1",
    "sampleCount" : 250,
    "errorCount" : 0,
    "errorPct" : 0.0,
    "meanResTime" : 561.6120000000001,
    "medianResTime" : 72.0,
    "minResTime" : 65.0,
    "maxResTime" : 7092.0,
    "pct1ResTime" : 1085.9,
    "pct2ResTime" : 3083.45,
    "pct3ResTime" : 7086.98,
    "throughput" : 9.720818104051636,
    "receivedKBytesPerSec" : 2.3447676481452677,
    "sentKBytesPerSec" : 1.537863801617544
  }
}