{
  "HTTP Request-1" : {
    "transaction" : "HTTP Request-1",
    "sampleCount" : 150,
    "errorCount" : 0,
    "errorPct" : 0.0,
    "meanResTime" : 771.7,
    "medianResTime" : 742.0,
    "minResTime" : 706.0,
    "maxResTime" : 1767.0,
    "pct1ResTime" : 772.0,
    "pct2ResTime" : 839.5499999999986,
    "pct3ResTime" : 1764.96,
    "throughput" : 2.2404779686333085,
    "receivedKBytesPerSec" : 29.345010268857354,
    "sentKBytesPerSec" : 0.24724024458551155
  },
  "Total" : {
    "transaction" : "Total",
    "sampleCount" : 450,
    "errorCount" : 0,
    "errorPct" : 0.0,
    "meanResTime" : 716.2755555555566,
    "medianResTime" : 742.0,
    "minResTime" : 286.0,
    "maxResTime" : 2080.0,
    "pct1ResTime" : 1062.9,
    "pct2ResTime" : 1076.0,
    "pct3ResTime" : 1894.4000000000024,
    "throughput" : 6.67913438418381,
    "receivedKBytesPerSec" : 60.720984727046044,
    "sentKBytesPerSec" : 0.982737220589545
  },
  "HTTP Request-0" : {
    "transaction" : "HTTP Request-0",
    "sampleCount" : 150,
    "errorCount" : 0,
    "errorPct" : 0.0,
    "meanResTime" : 302.51333333333343,
    "medianResTime" : 298.0,
    "minResTime" : 286.0,
    "maxResTime" : 422.0,
    "pct1ResTime" : 314.0,
    "pct2ResTime" : 317.0,
    "pct3ResTime" : 422.0,
    "throughput" : 2.251745102454402,
    "receivedKBytesPerSec" : 1.2138313442918263,
    "sentKBytesPerSec" : 0.24848359040756587
  },
  "HTTP Request" : {
    "transaction" : "HTTP Request",
    "sampleCount" : 150,
    "errorCount" : 0,
    "errorPct" : 0.0,
    "meanResTime" : 1074.6133333333337,
    "medianResTime" : 1045.0,
    "minResTime" : 994.0,
    "maxResTime" : 2080.0,
    "pct1ResTime" : 1078.8,
    "pct2ResTime" : 1205.5499999999981,
    "pct3ResTime" : 2076.4300000000003,
    "throughput" : 2.22637812806127,
    "receivedKBytesPerSec" : 30.360492363523022,
    "sentKBytesPerSec" : 0.4913686102947725
  }
}