{
  "get_method" : {
    "transaction" : "get_method",
    "sampleCount" : 500,
    "errorCount" : 0,
    "errorPct" : 0.0,
    "meanResTime" : 278.08799999999997,
    "medianResTime" : 74.0,
    "minResTime" : 64.0,
    "maxResTime" : 7100.0,
    "pct1ResTime" : 1071.0,
    "pct2ResTime" : 1082.95,
    "pct3ResTime" : 3095.95,
    "throughput" : 57.032052013231436,
    "receivedKBytesPerSec" : 10.303642209421696,
    "sentKBytesPerSec" : 8.187218404243184
  },
  "user_info_2" : {
    "transaction" : "user_info_2",
    "sampleCount" : 500,
    "errorCount" : 1,
    "errorPct" : 0.2,
    "meanResTime" : 590.1119999999997,
    "medianResTime" : 74.5,
    "minResTime" : 64.0,
    "maxResTime" : 21046.0,
    "pct1ResTime" : 1085.0,
    "pct2ResTime" : 3087.95,
    "pct3ResTime" : 7108.9400000000005,
    "throughput" : 20.907380305247752,
    "receivedKBytesPerSec" : 9.785184834309012,
    "sentKBytesPerSec" : 5.033002626489651
  },
  "user_info_3" : {
    "transaction" : "user_info_3",
    "sampleCount" : 500,
    "errorCount" : 5,
    "errorPct" : 1.0,
    "meanResTime" : 823.0020000000003,
    "medianResTime" : 74.0,
    "minResTime" : 64.0,
    "maxResTime" : 21057.0,
    "pct1ResTime" : 1089.0,
    "pct2ResTime" : 3091.0,
    "pct3ResTime" : 20978.820000000054,
    "throughput" : 19.147551028223493,
    "receivedKBytesPerSec" : 7.539909180772029,
    "sentKBytesPerSec" : 4.51687736950944
  },
  "object_info_4" : {
    "transaction" : "object_info_4",
    "sampleCount" : 500,
    "errorCount" : 3,
    "errorPct" : 0.6,
    "meanResTime" : 968.7379999999999,
    "medianResTime" : 73.0,
    "minResTime" : 64.0,
    "maxResTime" : 21053.0,
    "pct1ResTime" : 3082.0,
    "pct2ResTime" : 3095.85,
    "pct3ResTime" : 15006.250000000073,
    "throughput" : 14.058765640376775,
    "receivedKBytesPerSec" : 3.6808154962744273,
    "sentKBytesPerSec" : 2.2517364772248
  },
  "object_info_3" : {
    "transaction" : "object_info_3",
    "sampleCount" : 500,
    "errorCount" : 6,
    "errorPct" : 1.2,
    "meanResTime" : 1114.8860000000002,
    "medianResTime" : 74.0,
    "minResTime" : 65.0,
    "maxResTime" : 21046.0,
    "pct1ResTime" : 3082.0,
    "pct2ResTime" : 7077.95,
    "pct3ResTime" : 21030.95,
    "throughput" : 17.18272105570638,
    "receivedKBytesPerSec" : 9.443650340217877,
    "sentKBytesPerSec" : 2.7852116911234064
  },
  "object_info_2" : {
    "transaction" : "object_info_2",
    "sampleCount" : 500,
    "errorCount" : 2,
    "errorPct" : 0.4,
    "meanResTime" : 928.6260000000007,
    "medianResTime" : 74.0,
    "minResTime" : 63.0,
    "maxResTime" : 21057.0,
    "pct1ResTime" : 3080.9,
    "pct2ResTime" : 3090.0,
    "pct3ResTime" : 15107.98,
    "throughput" : 16.928494041170097,
    "receivedKBytesPerSec" : 8.174478813989706,
    "sentKBytesPerSec" : 2.683893701753792
  },
  "Total" : {
    "transaction" : "Total",
    "sampleCount" : 3500,
    "errorCount" : 18,
    "errorPct" : 0.51428574,
    "meanResTime" : 780.3077142857151,
    "medianResTime" : 74.0,
    "minResTime" : 63.0,
    "maxResTime" : 21057.0,
    "pct1ResTime" : 1092.0,
    "pct2ResTime" : 3090.0,
    "pct3ResTime" : 15088.97,
    "throughput" : 86.34513383495744,
    "receivedKBytesPerSec" : 31.856222824411006,
    "sentKBytesPerSec" : 15.528199010114717
  },
  "object_info_1" : {
    "transaction" : "object_info_1",
    "sampleCount" : 500,
    "errorCount" : 1,
    "errorPct" : 0.2,
    "meanResTime" : 758.7019999999998,
    "medianResTime" : 73.0,
    "minResTime" : 64.0,
    "maxResTime" : 21053.0,
    "pct1ResTime" : 1091.8000000000002,
    "pct2ResTime" : 3091.9,
    "pct3ResTime" : 7104.99,
    "throughput" : 18.593581495667696,
    "receivedKBytesPerSec" : 4.570571066992675,
    "sentKBytesPerSec" : 2.93567957216169
  }
}